-- --------------------------------------------------------
-- 호스트:                          127.17.0.1
-- 서버 버전:                        10.5.4-MariaDB-1:10.5.4+maria~focal - mariadb.org binary distribution
-- 서버 OS:                        debian-linux-gnu
-- HeidiSQL 버전:                  11.0.0.5919
-- --------------------------------------------------------

/*!40101 SET @OLD_CHARACTER_SET_CLIENT=@@CHARACTER_SET_CLIENT */;
/*!40101 SET NAMES utf8 */;
/*!50503 SET NAMES utf8mb4 */;
/*!40014 SET @OLD_FOREIGN_KEY_CHECKS=@@FOREIGN_KEY_CHECKS, FOREIGN_KEY_CHECKS=0 */;
/*!40101 SET @OLD_SQL_MODE=@@SQL_MODE, SQL_MODE='NO_AUTO_VALUE_ON_ZERO' */;


-- spots 데이터베이스 구조 내보내기
DROP DATABASE IF EXISTS `spots`;
CREATE DATABASE IF NOT EXISTS `spots` /*!40100 DEFAULT CHARACTER SET utf8mb4 */;
USE `spots`;

-- 테이블 spots.apply_team 구조 내보내기
DROP TABLE IF EXISTS `apply_team`;
CREATE TABLE IF NOT EXISTS `apply_team` (
  `team_uid` int(11) DEFAULT NULL,
  `user_uid` int(11) DEFAULT NULL,
  `comment` text DEFAULT NULL
) ENGINE=InnoDB DEFAULT CHARSET=utf8mb4 COMMENT='팀 신청';

-- 테이블 데이터 spots.apply_team:~0 rows (대략적) 내보내기
/*!40000 ALTER TABLE `apply_team` DISABLE KEYS */;
/*!40000 ALTER TABLE `apply_team` ENABLE KEYS */;

-- 테이블 spots.city_code 구조 내보내기
DROP TABLE IF EXISTS `city_code`;
CREATE TABLE IF NOT EXISTS `city_code` (
  `city_code` varchar(50) NOT NULL,
  `city_name` varchar(50) NOT NULL,
  PRIMARY KEY (`city_code`) USING BTREE
) ENGINE=InnoDB DEFAULT CHARSET=utf8mb4 COMMENT='도코드';

-- 테이블 데이터 spots.city_code:~17 rows (대략적) 내보내기
/*!40000 ALTER TABLE `city_code` DISABLE KEYS */;
INSERT INTO `city_code` (`city_code`, `city_name`) VALUES
	('1100000000', '서울특별시'),
	('2600000000', '부산광역시'),
	('2700000000', '대구광역시'),
	('2800000000', '인천광역시'),
	('2900000000', '광주광역시'),
	('3000000000', '대전광역시'),
	('3100000000', '울산광역시'),
	('3600000000', '세종특별자치시'),
	('4100000000', '경기도'),
	('4200000000', '강원도'),
	('4300000000', '충청북도'),
	('4400000000', '충청남도'),
	('4500000000', '전라북도'),
	('4600000000', '전라남도'),
	('4700000000', '경상북도'),
	('4800000000', '경상남도'),
	('5000000000', '제주특별자치도');
/*!40000 ALTER TABLE `city_code` ENABLE KEYS */;

-- 테이블 spots.dong_code 구조 내보내기
DROP TABLE IF EXISTS `dong_code`;
CREATE TABLE IF NOT EXISTS `dong_code` (
  `dong_code` varchar(50) NOT NULL,
  `dong_name` varchar(50) NOT NULL,
  PRIMARY KEY (`dong_code`) USING BTREE
) ENGINE=InnoDB DEFAULT CHARSET=utf8mb4 COMMENT='동코드';

-- 테이블 데이터 spots.dong_code:~854 rows (대략적) 내보내기
/*!40000 ALTER TABLE `dong_code` DISABLE KEYS */;
INSERT INTO `dong_code` (`dong_code`, `dong_name`) VALUES
	('1111010100', '청운동'),
	('1111010200', '신교동'),
	('1111010300', '궁정동'),
	('1111010400', '효자동'),
	('1111010500', '창성동'),
	('1111010600', '통의동'),
	('1111010700', '적선동'),
	('1111010800', '통인동'),
	('1111010900', '누상동'),
	('1111011000', '누하동'),
	('1111011100', '옥인동'),
	('1111011200', '체부동'),
	('1111011300', '필운동'),
	('1111011400', '내자동'),
	('1111011500', '사직동'),
	('1111011600', '도렴동'),
	('1111011700', '당주동'),
	('1111011800', '내수동'),
	('1111012000', '신문로1가'),
	('1111012100', '신문로2가'),
	('1111012200', '청진동'),
	('1111012300', '서린동'),
	('1111012400', '수송동'),
	('1111012500', '중학동'),
	('1111012600', '종로1가'),
	('1111012700', '공평동'),
	('1111012800', '관훈동'),
	('1111012900', '견지동'),
	('1111013000', '와룡동'),
	('1111013100', '권농동'),
	('1111013200', '운니동'),
	('1111013300', '익선동'),
	('1111013400', '경운동'),
	('1111013500', '관철동'),
	('1111013600', '인사동'),
	('1111013700', '낙원동'),
	('1111013800', '종로2가'),
	('1111013900', '팔판동'),
	('1111014000', '삼청동'),
	('1111014100', '안국동'),
	('1111014200', '소격동'),
	('1111014300', '화동'),
	('1111014400', '사간동'),
	('1111014500', '송현동'),
	('1111014600', '가회동'),
	('1111014700', '재동'),
	('1111014800', '계동'),
	('1111014900', '원서동'),
	('1111015000', '훈정동'),
	('1111015100', '묘동'),
	('1111015200', '봉익동'),
	('1111015300', '돈의동'),
	('1111015400', '장사동'),
	('1111015500', '관수동'),
	('1111015600', '종로3가'),
	('1111015700', '인의동'),
	('1111015800', '예지동'),
	('1111015900', '원남동'),
	('1111016000', '연지동'),
	('1111016100', '종로4가'),
	('1111016200', '효제동'),
	('1111016300', '종로5가'),
	('1111016400', '종로6가'),
	('1111016500', '이화동'),
	('1111016600', '연건동'),
	('1111016700', '충신동'),
	('1111016800', '동숭동'),
	('1111016900', '혜화동'),
	('1111017000', '명륜1가'),
	('1111017100', '명륜2가'),
	('1111017200', '명륜4가'),
	('1111017300', '명륜3가'),
	('1111017400', '창신동'),
	('1111017500', '숭인동'),
	('1111017600', '교남동'),
	('1111017700', '평동'),
	('1111017800', '송월동'),
	('1111017900', '홍파동'),
	('1111018000', '교북동'),
	('1111018100', '행촌동'),
	('1111018200', '구기동'),
	('1111018300', '평창동'),
	('1111018400', '부암동'),
	('1111018500', '홍지동'),
	('1111018600', '신영동'),
	('1111018700', '무악동'),
	('1114010100', '무교동'),
	('1114010200', '다동'),
	('1114010300', '태평로1가'),
	('1114010400', '을지로1가'),
	('1114010500', '을지로2가'),
	('1114010600', '남대문로1가'),
	('1114010700', '삼각동'),
	('1114010800', '수하동'),
	('1114010900', '장교동'),
	('1114011000', '수표동'),
	('1114011100', '소공동'),
	('1114011200', '남창동'),
	('1114011300', '북창동'),
	('1114011400', '태평로2가'),
	('1114011500', '남대문로2가'),
	('1114011600', '남대문로3가'),
	('1114011700', '남대문로4가'),
	('1114011800', '남대문로5가'),
	('1114011900', '봉래동1가'),
	('1114012000', '봉래동2가'),
	('1114012100', '회현동1가'),
	('1114012200', '회현동2가'),
	('1114012300', '회현동3가'),
	('1114012400', '충무로1가'),
	('1114012500', '충무로2가'),
	('1114012600', '명동1가'),
	('1114012700', '명동2가'),
	('1114012800', '남산동1가'),
	('1114012900', '남산동2가'),
	('1114013000', '남산동3가'),
	('1114013100', '저동1가'),
	('1114013200', '충무로4가'),
	('1114013300', '충무로5가'),
	('1114013400', '인현동2가'),
	('1114013500', '예관동'),
	('1114013600', '묵정동'),
	('1114013700', '필동1가'),
	('1114013800', '필동2가'),
	('1114013900', '필동3가'),
	('1114014000', '남학동'),
	('1114014100', '주자동'),
	('1114014200', '예장동'),
	('1114014300', '장충동1가'),
	('1114014400', '장충동2가'),
	('1114014500', '광희동1가'),
	('1114014600', '광희동2가'),
	('1114014700', '쌍림동'),
	('1114014800', '을지로6가'),
	('1114014900', '을지로7가'),
	('1114015000', '을지로4가'),
	('1114015100', '을지로5가'),
	('1114015200', '주교동'),
	('1114015300', '방산동'),
	('1114015400', '오장동'),
	('1114015500', '을지로3가'),
	('1114015600', '입정동'),
	('1114015700', '산림동'),
	('1114015800', '충무로3가'),
	('1114015900', '초동'),
	('1114016000', '인현동1가'),
	('1114016100', '저동2가'),
	('1114016200', '신당동'),
	('1114016300', '흥인동'),
	('1114016400', '무학동'),
	('1114016500', '황학동'),
	('1114016600', '서소문동'),
	('1114016700', '정동'),
	('1114016800', '순화동'),
	('1114016900', '의주로1가'),
	('1114017000', '충정로1가'),
	('1114017100', '중림동'),
	('1114017200', '의주로2가'),
	('1114017300', '만리동1가'),
	('1114017400', '만리동2가'),
	('1117010100', '후암동'),
	('1117010200', '용산동2가'),
	('1117010300', '용산동4가'),
	('1117010400', '갈월동'),
	('1117010500', '남영동'),
	('1117010600', '용산동1가'),
	('1117010700', '동자동'),
	('1117010800', '서계동'),
	('1117010900', '청파동1가'),
	('1117011000', '청파동2가'),
	('1117011100', '청파동3가'),
	('1117011200', '원효로1가'),
	('1117011300', '원효로2가'),
	('1117011400', '신창동'),
	('1117011500', '산천동'),
	('1117011600', '청암동'),
	('1117011700', '원효로3가'),
	('1117011800', '원효로4가'),
	('1117011900', '효창동'),
	('1117012000', '도원동'),
	('1117012100', '용문동'),
	('1117012200', '문배동'),
	('1117012300', '신계동'),
	('1117012400', '한강로1가'),
	('1117012500', '한강로2가'),
	('1117012600', '용산동3가'),
	('1117012700', '용산동5가'),
	('1117012800', '한강로3가'),
	('1117012900', '이촌동'),
	('1117013000', '이태원동'),
	('1117013100', '한남동'),
	('1117013200', '동빙고동'),
	('1117013300', '서빙고동'),
	('1117013400', '주성동'),
	('1117013500', '용산동6가'),
	('1117013600', '보광동'),
	('1120010100', '상왕십리동'),
	('1120010200', '하왕십리동'),
	('1120010300', '홍익동'),
	('1120010400', '도선동'),
	('1120010500', '마장동'),
	('1120010600', '사근동'),
	('1120010700', '행당동'),
	('1120010800', '응봉동'),
	('1120010900', '금호동1가'),
	('1120011000', '금호동2가'),
	('1120011100', '금호동3가'),
	('1120011200', '금호동4가'),
	('1120011300', '옥수동'),
	('1120011400', '성수동1가'),
	('1120011500', '성수동2가'),
	('1120011800', '송정동'),
	('1120012200', '용답동'),
	('1121510100', '중곡동'),
	('1121510200', '능동'),
	('1121510300', '구의동'),
	('1121510400', '광장동'),
	('1121510500', '자양동'),
	('1121510700', '화양동'),
	('1121510900', '군자동'),
	('1123010100', '신설동'),
	('1123010200', '용두동'),
	('1123010300', '제기동'),
	('1123010400', '전농동'),
	('1123010500', '답십리동'),
	('1123010600', '장안동'),
	('1123010700', '청량리동'),
	('1123010800', '회기동'),
	('1123010900', '휘경동'),
	('1123011000', '이문동'),
	('1126010100', '면목동'),
	('1126010200', '상봉동'),
	('1126010300', '중화동'),
	('1126010400', '묵동'),
	('1126010500', '망우동'),
	('1126010600', '신내동'),
	('1129010100', '성북동'),
	('1129010200', '성북동1가'),
	('1129010300', '돈암동'),
	('1129010400', '동소문동1가'),
	('1129010500', '동소문동2가'),
	('1129010600', '동소문동3가'),
	('1129010700', '동소문동4가'),
	('1129010800', '동소문동5가'),
	('1129010900', '동소문동6가'),
	('1129011000', '동소문동7가'),
	('1129011100', '삼선동1가'),
	('1129011200', '삼선동2가'),
	('1129011300', '삼선동3가'),
	('1129011400', '삼선동4가'),
	('1129011500', '삼선동5가'),
	('1129011600', '동선동1가'),
	('1129011700', '동선동2가'),
	('1129011800', '동선동3가'),
	('1129011900', '동선동4가'),
	('1129012000', '동선동5가'),
	('1129012100', '안암동1가'),
	('1129012200', '안암동2가'),
	('1129012300', '안암동3가'),
	('1129012400', '안암동4가'),
	('1129012500', '안암동5가'),
	('1129012600', '보문동4가'),
	('1129012700', '보문동5가'),
	('1129012800', '보문동6가'),
	('1129012900', '보문동7가'),
	('1129013000', '보문동1가'),
	('1129013100', '보문동2가'),
	('1129013200', '보문동3가'),
	('1129013300', '정릉동'),
	('1129013400', '길음동'),
	('1129013500', '종암동'),
	('1129013600', '하월곡동'),
	('1129013700', '상월곡동'),
	('1129013800', '장위동'),
	('1129013900', '석관동'),
	('1130510100', '미아동'),
	('1130510200', '번동'),
	('1130510300', '수유동'),
	('1130510400', '우이동'),
	('1132010500', '쌍문동'),
	('1132010600', '방학동'),
	('1132010700', '창동'),
	('1132010800', '도봉동'),
	('1135010200', '월계동'),
	('1135010300', '공릉동'),
	('1135010400', '하계동'),
	('1135010500', '상계동'),
	('1135010600', '중계동'),
	('1138010100', '수색동'),
	('1138010200', '녹번동'),
	('1138010300', '불광동'),
	('1138010400', '갈현동'),
	('1138010500', '구산동'),
	('1138010600', '대조동'),
	('1138010700', '응암동'),
	('1138010800', '역촌동'),
	('1138010900', '신사동'),
	('1138011000', '증산동'),
	('1138011400', '진관동'),
	('1141010100', '충정로2가'),
	('1141010200', '충정로3가'),
	('1141010300', '합동'),
	('1141010400', '미근동'),
	('1141010500', '냉천동'),
	('1141010600', '천연동'),
	('1141010700', '옥천동'),
	('1141010800', '영천동'),
	('1141010900', '현저동'),
	('1141011000', '북아현동'),
	('1141011100', '홍제동'),
	('1141011200', '대현동'),
	('1141011300', '대신동'),
	('1141011400', '신촌동'),
	('1141011500', '봉원동'),
	('1141011600', '창천동'),
	('1141011700', '연희동'),
	('1141011800', '홍은동'),
	('1141011900', '북가좌동'),
	('1141012000', '남가좌동'),
	('1144010100', '아현동'),
	('1144010200', '공덕동'),
	('1144010300', '신공덕동'),
	('1144010400', '도화동'),
	('1144010500', '용강동'),
	('1144010600', '토정동'),
	('1144010700', '마포동'),
	('1144010800', '대흥동'),
	('1144010900', '염리동'),
	('1144011000', '노고산동'),
	('1144011100', '신수동'),
	('1144011200', '현석동'),
	('1144011300', '구수동'),
	('1144011400', '창전동'),
	('1144011500', '상수동'),
	('1144011600', '하중동'),
	('1144011700', '신정동'),
	('1144011800', '당인동'),
	('1144012000', '서교동'),
	('1144012100', '동교동'),
	('1144012200', '합정동'),
	('1144012300', '망원동'),
	('1144012400', '연남동'),
	('1144012500', '성산동'),
	('1144012600', '중동'),
	('1144012700', '상암동'),
	('1147010100', '신정동'),
	('1147010200', '목동'),
	('1147010300', '신월동'),
	('1150010100', '염창동'),
	('1150010200', '등촌동'),
	('1150010300', '화곡동'),
	('1150010400', '가양동'),
	('1150010500', '마곡동'),
	('1150010600', '내발산동'),
	('1150010700', '외발산동'),
	('1150010800', '공항동'),
	('1150010900', '방화동'),
	('1150011000', '개화동'),
	('1150011100', '과해동'),
	('1150011200', '오곡동'),
	('1150011300', '오쇠동'),
	('1153010100', '신도림동'),
	('1153010200', '구로동'),
	('1153010300', '가리봉동'),
	('1153010600', '고척동'),
	('1153010700', '개봉동'),
	('1153010800', '오류동'),
	('1153010900', '궁동'),
	('1153011000', '온수동'),
	('1153011100', '천왕동'),
	('1153011200', '항동'),
	('1154510100', '가산동'),
	('1154510200', '독산동'),
	('1154510300', '시흥동'),
	('1156010100', '영등포동'),
	('1156010200', '영등포동1가'),
	('1156010300', '영등포동2가'),
	('1156010400', '영등포동3가'),
	('1156010500', '영등포동4가'),
	('1156010600', '영등포동5가'),
	('1156010700', '영등포동6가'),
	('1156010800', '영등포동7가'),
	('1156010900', '영등포동8가'),
	('1156011000', '여의도동'),
	('1156011100', '당산동1가'),
	('1156011200', '당산동2가'),
	('1156011300', '당산동3가'),
	('1156011400', '당산동4가'),
	('1156011500', '당산동5가'),
	('1156011600', '당산동6가'),
	('1156011700', '당산동'),
	('1156011800', '도림동'),
	('1156011900', '문래동1가'),
	('1156012000', '문래동2가'),
	('1156012100', '문래동3가'),
	('1156012200', '문래동4가'),
	('1156012300', '문래동5가'),
	('1156012400', '문래동6가'),
	('1156012500', '양평동1가'),
	('1156012600', '양평동2가'),
	('1156012700', '양평동3가'),
	('1156012800', '양평동4가'),
	('1156012900', '양평동5가'),
	('1156013000', '양평동6가'),
	('1156013100', '양화동'),
	('1156013200', '신길동'),
	('1156013300', '대림동'),
	('1156013400', '양평동'),
	('1159010100', '노량진동'),
	('1159010200', '상도동'),
	('1159010300', '상도1동'),
	('1159010400', '본동'),
	('1159010500', '흑석동'),
	('1159010600', '동작동'),
	('1159010700', '사당동'),
	('1159010800', '대방동'),
	('1159010900', '신대방동'),
	('1162010100', '봉천동'),
	('1162010200', '신림동'),
	('1162010300', '남현동'),
	('1165010100', '방배동'),
	('1165010200', '양재동'),
	('1165010300', '우면동'),
	('1165010400', '원지동'),
	('1165010600', '잠원동'),
	('1165010800', '서초동'),
	('1165010900', '내곡동'),
	('1165011000', '염곡동'),
	('1165011100', '신원동'),
	('1168010100', '역삼동'),
	('1168010300', '개포동'),
	('1168010400', '청담동'),
	('1168010500', '삼성동'),
	('1168010600', '대치동'),
	('1168010700', '신사동'),
	('1168010800', '논현동'),
	('1168011000', '압구정동'),
	('1168011100', '세곡동'),
	('1168011200', '자곡동'),
	('1168011300', '율현동'),
	('1168011400', '일원동'),
	('1168011500', '수서동'),
	('1168011800', '도곡동'),
	('1171010100', '잠실동'),
	('1171010200', '신천동'),
	('1171010300', '풍납동'),
	('1171010400', '송파동'),
	('1171010500', '석촌동'),
	('1171010600', '삼전동'),
	('1171010700', '가락동'),
	('1171010800', '문정동'),
	('1171010900', '장지동'),
	('1171011100', '방이동'),
	('1171011200', '오금동'),
	('1171011300', '거여동'),
	('1171011400', '마천동'),
	('1174010100', '명일동'),
	('1174010200', '고덕동'),
	('1174010300', '상일동'),
	('1174010500', '길동'),
	('1174010600', '둔촌동'),
	('1174010700', '암사동'),
	('1174010800', '성내동'),
	('1174010900', '천호동'),
	('1174011000', '강일동'),
	('2611010100', '영주동'),
	('2611010200', '대창동1가'),
	('2611010300', '대창동2가'),
	('2611010400', '중앙동1가'),
	('2611010500', '중앙동2가'),
	('2611010600', '중앙동3가'),
	('2611010700', '중앙동4가'),
	('2611010800', '중앙동5가'),
	('2611010900', '중앙동6가'),
	('2611011000', '중앙동7가'),
	('2611011100', '동광동1가'),
	('2611011200', '동광동2가'),
	('2611011300', '동광동3가'),
	('2611011400', '동광동4가'),
	('2611011500', '동광동5가'),
	('2611011600', '대청동1가'),
	('2611011700', '대청동2가'),
	('2611011800', '대청동3가'),
	('2611011900', '대청동4가'),
	('2611012000', '보수동1가'),
	('2611012100', '보수동2가'),
	('2611012200', '보수동3가'),
	('2611012300', '부평동1가'),
	('2611012400', '부평동2가'),
	('2611012500', '부평동3가'),
	('2611012600', '부평동4가'),
	('2611012700', '신창동1가'),
	('2611012800', '신창동2가'),
	('2611012900', '신창동3가'),
	('2611013000', '신창동4가'),
	('2611013100', '창선동1가'),
	('2611013200', '창선동2가'),
	('2611013300', '광복동1가'),
	('2611013400', '광복동2가'),
	('2611013500', '광복동3가'),
	('2611013600', '남포동1가'),
	('2611013700', '남포동2가'),
	('2611013800', '남포동3가'),
	('2611013900', '남포동4가'),
	('2611014000', '남포동5가'),
	('2611014100', '남포동6가'),
	('2614010100', '동대신동1가'),
	('2614010200', '동대신동2가'),
	('2614010300', '동대신동3가'),
	('2614010400', '서대신동1가'),
	('2614010500', '서대신동2가'),
	('2614010600', '서대신동3가'),
	('2614010700', '부용동1가'),
	('2614010800', '부용동2가'),
	('2614010900', '부민동1가'),
	('2614011000', '부민동2가'),
	('2614011100', '부민동3가'),
	('2614011200', '토성동1가'),
	('2614011300', '토성동2가'),
	('2614011400', '토성동3가'),
	('2614011500', '아미동1가'),
	('2614011600', '아미동2가'),
	('2614011700', '토성동4가'),
	('2614011800', '토성동5가'),
	('2614011900', '초장동'),
	('2614012000', '충무동1가'),
	('2614012100', '충무동2가'),
	('2614012200', '충무동3가'),
	('2614012300', '남부민동'),
	('2614012400', '암남동'),
	('2617010100', '초량동'),
	('2617010200', '수정동'),
	('2617010300', '좌천동'),
	('2617010400', '범일동'),
	('2620010100', '대교동1가'),
	('2620010200', '대교동2가'),
	('2620010300', '대평동1가'),
	('2620010400', '대평동2가'),
	('2620010500', '남항동1가'),
	('2620010600', '남항동2가'),
	('2620010700', '남항동3가'),
	('2620010800', '영선동1가'),
	('2620010900', '영선동2가'),
	('2620011000', '영선동3가'),
	('2620011100', '영선동4가'),
	('2620011200', '신선동1가'),
	('2620011300', '신선동2가'),
	('2620011400', '신선동3가'),
	('2620011500', '봉래동1가'),
	('2620011600', '봉래동2가'),
	('2620011700', '봉래동3가'),
	('2620011800', '봉래동4가'),
	('2620011900', '봉래동5가'),
	('2620012000', '청학동'),
	('2620012100', '동삼동'),
	('2623010100', '양정동'),
	('2623010200', '전포동'),
	('2623010300', '부전동'),
	('2623010400', '범천동'),
	('2623010500', '범전동'),
	('2623010600', '연지동'),
	('2623010700', '초읍동'),
	('2623010800', '부암동'),
	('2623010900', '당감동'),
	('2623011000', '가야동'),
	('2623011100', '개금동'),
	('2626010100', '명장동'),
	('2626010200', '안락동'),
	('2626010300', '칠산동'),
	('2626010400', '낙민동'),
	('2626010500', '복천동'),
	('2626010600', '수안동'),
	('2626010700', '명륜동'),
	('2626010800', '온천동'),
	('2626010900', '사직동'),
	('2629010600', '대연동'),
	('2629010700', '용호동'),
	('2629010800', '용당동'),
	('2629010900', '문현동'),
	('2629011000', '우암동'),
	('2629011100', '감만동'),
	('2632010100', '금곡동'),
	('2632010200', '화명동'),
	('2632010300', '만덕동'),
	('2632010400', '덕천동'),
	('2632010500', '구포동'),
	('2635010100', '반송동'),
	('2635010200', '석대동'),
	('2635010300', '반여동'),
	('2635010400', '재송동'),
	('2635010500', '우동'),
	('2635010600', '중동'),
	('2635010700', '좌동'),
	('2635010800', '송정동'),
	('2638010100', '괴정동'),
	('2638010200', '당리동'),
	('2638010300', '하단동'),
	('2638010400', '신평동'),
	('2638010500', '장림동'),
	('2638010600', '다대동'),
	('2638010700', '구평동'),
	('2638010800', '감천동'),
	('2641010100', '두구동'),
	('2641010200', '노포동'),
	('2641010300', '청룡동'),
	('2641010400', '남산동'),
	('2641010500', '선동'),
	('2641010600', '오륜동'),
	('2641010700', '구서동'),
	('2641010800', '장전동'),
	('2641010900', '부곡동'),
	('2641011000', '서동'),
	('2641011100', '금사동'),
	('2641011200', '회동동'),
	('2641011300', '금성동'),
	('2644010100', '대저1동'),
	('2644010200', '대저2동'),
	('2644010300', '강동동'),
	('2644010400', '명지동'),
	('2644010500', '죽림동'),
	('2644010600', '식만동'),
	('2644010700', '죽동동'),
	('2644010800', '봉림동'),
	('2644010900', '송정동'),
	('2644011000', '화전동'),
	('2644011100', '녹산동'),
	('2644011200', '생곡동'),
	('2644011300', '구랑동'),
	('2644011400', '지사동'),
	('2644011500', '미음동'),
	('2644011600', '범방동'),
	('2644011700', '신호동'),
	('2644011800', '동선동'),
	('2644011900', '성북동'),
	('2644012000', '눌차동'),
	('2644012100', '천성동'),
	('2644012200', '대항동'),
	('2647010100', '거제동'),
	('2647010200', '연산동'),
	('2650010100', '망미동'),
	('2650010200', '수영동'),
	('2650010300', '민락동'),
	('2650010400', '광안동'),
	('2650010500', '남천동'),
	('2653010100', '삼락동'),
	('2653010200', '모라동'),
	('2653010300', '덕포동'),
	('2653010400', '괘법동'),
	('2653010500', '감전동'),
	('2653010600', '주례동'),
	('2653010700', '학장동'),
	('2653010800', '엄궁동'),
	('2671025000', '기장읍'),
	('2671025300', '장안읍'),
	('2671025600', '정관읍'),
	('2711010100', '동인동1가'),
	('2711010200', '동인동2가'),
	('2711010300', '동인동3가'),
	('2711010400', '동인동4가'),
	('2711010500', '삼덕동1가'),
	('2711010600', '삼덕동2가'),
	('2711010700', '삼덕동3가'),
	('2711010800', '봉산동'),
	('2711010900', '장관동'),
	('2711011000', '상서동'),
	('2711011100', '수동'),
	('2711011200', '덕산동'),
	('2711011300', '종로1가'),
	('2711011400', '종로2가'),
	('2711011500', '사일동'),
	('2711011600', '동일동'),
	('2711011700', '남일동'),
	('2711011800', '전동'),
	('2711011900', '동성로3가'),
	('2711012000', '동문동'),
	('2711012100', '문화동'),
	('2711012200', '공평동'),
	('2711012300', '동성로2가'),
	('2711012400', '태평로1가'),
	('2711012500', '교동'),
	('2711012600', '용덕동'),
	('2711012700', '상덕동'),
	('2711012800', '완전동'),
	('2711012900', '도원동'),
	('2711013000', '수창동'),
	('2711013100', '태평로3가'),
	('2711013200', '인교동'),
	('2711013300', '서야동'),
	('2711013400', '서성로1가'),
	('2711013600', '하서동'),
	('2711013800', '계산동1가'),
	('2711013900', '계산동2가'),
	('2711014000', '동산동'),
	('2711014100', '서문로2가'),
	('2711014200', '서성로2가'),
	('2711014300', '포정동'),
	('2711014400', '서문로1가'),
	('2711014500', '서내동'),
	('2711014600', '북성로2가'),
	('2711014700', '대안동'),
	('2711014800', '동성로1가'),
	('2711014900', '태평로2가'),
	('2711015000', '북성로1가'),
	('2711015100', '화전동'),
	('2711015200', '향촌동'),
	('2711015300', '북내동'),
	('2711015400', '대신동'),
	('2711015500', '달성동'),
	('2711015600', '남산동'),
	('2711015700', '대봉동'),
	('2714010100', '신암동'),
	('2714010200', '신천동'),
	('2714010300', '효목동'),
	('2714010400', '평광동'),
	('2714010500', '봉무동'),
	('2714010600', '불로동'),
	('2714010700', '도동'),
	('2714010800', '지저동'),
	('2714010900', '입석동'),
	('2714011000', '검사동'),
	('2714011100', '방촌동'),
	('2714011200', '둔산동'),
	('2714011300', '부동'),
	('2714011400', '신평동'),
	('2714011500', '서호동'),
	('2714011600', '동호동'),
	('2714011700', '신기동'),
	('2714011800', '율하동'),
	('2714011900', '용계동'),
	('2714012000', '율암동'),
	('2714012100', '상매동'),
	('2714012200', '매여동'),
	('2714012300', '각산동'),
	('2714012400', '신서동'),
	('2714012500', '동내동'),
	('2714012600', '괴전동'),
	('2714012700', '금강동'),
	('2714012800', '대림동'),
	('2714012900', '사복동'),
	('2714013000', '숙천동'),
	('2714013100', '내곡동'),
	('2714013200', '능성동'),
	('2714013300', '진인동'),
	('2714013400', '도학동'),
	('2714013500', '백안동'),
	('2714013600', '미곡동'),
	('2714013700', '용수동'),
	('2714013800', '신무동'),
	('2714013900', '미대동'),
	('2714014000', '내동'),
	('2714014100', '신용동'),
	('2714014200', '중대동'),
	('2714014300', '송정동'),
	('2714014400', '덕곡동'),
	('2714014500', '지묘동'),
	('2717010100', '내당동'),
	('2717010200', '비산동'),
	('2717010300', '평리동'),
	('2717010400', '상리동'),
	('2717010500', '중리동'),
	('2717010600', '이현동'),
	('2717010700', '원대동1가'),
	('2717010800', '원대동2가'),
	('2717010900', '원대동3가'),
	('2720010100', '이천동'),
	('2720010200', '봉덕동'),
	('2720010300', '대명동'),
	('2723010100', '칠성동1가'),
	('2723010200', '칠성동2가'),
	('2723010300', '고성동1가'),
	('2723010400', '고성동2가'),
	('2723010500', '고성동3가'),
	('2723010600', '침산동'),
	('2723010700', '노원동1가'),
	('2723010800', '노원동2가'),
	('2723010900', '노원동3가'),
	('2723011000', '대현동'),
	('2723011100', '산격동'),
	('2723011200', '복현동'),
	('2723011300', '검단동'),
	('2723011400', '동변동'),
	('2723011500', '서변동'),
	('2723011600', '조야동'),
	('2723011700', '노곡동'),
	('2723011800', '읍내동'),
	('2723011900', '동호동'),
	('2723012000', '학정동'),
	('2723012100', '도남동'),
	('2723012200', '국우동'),
	('2723012300', '구암동'),
	('2723012400', '동천동'),
	('2723012500', '관음동'),
	('2723012600', '태전동'),
	('2723012700', '매천동'),
	('2723012800', '팔달동'),
	('2723012900', '금호동'),
	('2723013000', '사수동'),
	('2723013100', '연경동'),
	('2726010100', '범어동'),
	('2726010200', '만촌동'),
	('2726010300', '수성동1가'),
	('2726010400', '수성동2가'),
	('2726010500', '수성동3가'),
	('2726010600', '수성동4가'),
	('2726010700', '황금동'),
	('2726010800', '중동'),
	('2726010900', '상동'),
	('2726011000', '파동'),
	('2726011100', '두산동'),
	('2726011200', '지산동'),
	('2726011300', '범물동'),
	('2726011400', '시지동'),
	('2726011500', '매호동'),
	('2726011600', '성동'),
	('2726011700', '사월동'),
	('2726011800', '신매동'),
	('2726011900', '욱수동'),
	('2726012000', '노변동'),
	('2726012200', '삼덕동'),
	('2726012300', '연호동'),
	('2726012400', '이천동'),
	('2726012500', '고모동'),
	('2726012600', '가천동'),
	('2726012700', '대흥동'),
	('2729010100', '성당동'),
	('2729010200', '두류동'),
	('2729010400', '파호동'),
	('2729010500', '호림동'),
	('2729010600', '갈산동'),
	('2729010700', '신당동'),
	('2729010800', '이곡동'),
	('2729010900', '장동'),
	('2729011000', '장기동'),
	('2729011100', '용산동'),
	('2729011200', '죽전동'),
	('2729011300', '감삼동'),
	('2729011400', '본리동'),
	('2729011500', '상인동'),
	('2729011600', '도원동'),
	('2729011700', '진천동'),
	('2729011800', '유천동'),
	('2729011900', '대천동'),
	('2729012000', '월성동'),
	('2729012100', '월암동'),
	('2729012200', '송현동'),
	('2729012300', '대곡동'),
	('2729012400', '본동'),
	('2729012500', '호산동'),
	('2771025000', '화원읍'),
	('2771025300', '논공읍'),
	('2771025600', '다사읍'),
	('2771025900', '유가읍'),
	('2771026200', '옥포읍'),
	('2771026500', '현풍읍'),
	('5011010100', '제주시'),
	('5013010100', '서귀포시');
/*!40000 ALTER TABLE `dong_code` ENABLE KEYS */;

-- 테이블 spots.free_matching 구조 내보내기
DROP TABLE IF EXISTS `free_matching`;
CREATE TABLE IF NOT EXISTS `free_matching` (
  `uid` int(11) NOT NULL AUTO_INCREMENT,
  `head_uid` int(11) NOT NULL COMMENT '방장',
  `home_matching_entry_uid` int(5) DEFAULT NULL COMMENT 'matching_entry uid',
  `away_matching_entry_uid` int(5) DEFAULT NULL COMMENT 'matching_entry uid',
  `create_date` datetime DEFAULT NULL COMMENT '만든날',
  `matching_date` datetime DEFAULT NULL COMMENT '매칭날, 시간',
  `home_scroe` int(2) NOT NULL DEFAULT 0,
  `away_score` int(2) NOT NULL DEFAULT 0,
  `ready_num` int(2) NOT NULL DEFAULT 0 COMMENT '한팀 전체 ready하면++ 22가 되면 매칭 완료',
  `place_uid` int(11) NOT NULL,
  `price` int(5) NOT NULL COMMENT '인당 가격',
  `head_price` int(5) NOT NULL COMMENT '방장 가격(22로 안나눠떨어지는건 방장이 더내는걸로)',
  `dong_code` varchar(50) DEFAULT NULL,
  `title` varchar(50) NOT NULL,
  PRIMARY KEY (`uid`) USING BTREE
) ENGINE=InnoDB AUTO_INCREMENT=15 DEFAULT CHARSET=utf8mb4 ROW_FORMAT=DYNAMIC COMMENT='자유 매칭';

-- 테이블 데이터 spots.free_matching:~14 rows (대략적) 내보내기
/*!40000 ALTER TABLE `free_matching` DISABLE KEYS */;
INSERT INTO `free_matching` (`uid`, `head_uid`, `home_matching_entry_uid`, `away_matching_entry_uid`, `create_date`, `matching_date`, `home_scroe`, `away_score`, `ready_num`, `place_uid`, `price`, `head_price`, `dong_code`, `title`) VALUES
	(1, 1, 1, 1, '2018-01-01 13:30:50', '2020-01-01 00:00:00', 1, 1, 1, 1, 1, 1, '1111010200', '한판할사람111'),
	(2, 1, 1, 1, '2018-01-01 13:30:50', '2020-01-02 00:00:00', 1, 1, 1, 1, 1, 1, '1111010300', '한판할사람222'),
	(3, 1, 1, 1, '2018-01-01 13:30:50', '2020-01-03 00:00:00', 1, 1, 1, 1, 1, 1, '1111010400', '한판할사람333'),
	(4, 1, NULL, NULL, NULL, NULL, 0, 0, 0, 1, 3000, 3400, NULL, '같이 볼차실 분 구합니다'),
	(5, 1, NULL, NULL, NULL, NULL, 0, 0, 0, 1, 3000, 3401, NULL, '초보만~!!!@@@@@@@@@@@@@'),
	(6, 1, NULL, NULL, NULL, NULL, 0, 0, 0, 1, 3000, 3402, NULL, '고수만~!!@@@@@@@@@@@@2'),
	(7, 1, NULL, NULL, NULL, NULL, 0, 0, 0, 1, 3000, 3403, NULL, '축구원 모집합니다'),
	(8, 1, NULL, NULL, NULL, NULL, 0, 0, 0, 1, 3000, 3404, NULL, '축구 한게임 같이해요'),
	(9, 1, NULL, NULL, NULL, NULL, 0, 0, 0, 1, 3000, 3405, NULL, '여기여기 모여라!'),
	(10, 1, NULL, NULL, NULL, NULL, 0, 0, 0, 1, 3000, 3406, NULL, '같이 경기할 인원 구합니다'),
	(11, 1, NULL, NULL, NULL, NULL, 0, 0, 0, 1, 3000, 3407, NULL, '매너겜ㄱㄱ'),
	(12, 1, NULL, NULL, NULL, NULL, 0, 0, 0, 1, 3000, 3408, NULL, '11:11'),
	(13, 1, NULL, NULL, NULL, NULL, 0, 0, 0, 1, 3000, 3409, NULL, '한판같이해요'),
	(14, 1, NULL, NULL, NULL, NULL, 0, 0, 0, 1, 3000, 3410, NULL, 'ㄱㄱ ');
/*!40000 ALTER TABLE `free_matching` ENABLE KEYS */;

-- 테이블 spots.matching_entry 구조 내보내기
DROP TABLE IF EXISTS `matching_entry`;
CREATE TABLE IF NOT EXISTS `matching_entry` (
  `uid` int(11) NOT NULL AUTO_INCREMENT,
  `striker1_uid` int(5) DEFAULT NULL,
  `striker2_uid` int(5) DEFAULT NULL,
  `striker3_uid` int(5) DEFAULT NULL,
  `striker4_uid` int(5) DEFAULT NULL,
  `midfielder1_uid` int(5) DEFAULT NULL,
  `midfielder2_uid` int(5) DEFAULT NULL,
  `midfielder3_uid` int(5) DEFAULT NULL,
  `midfielder4_uid` int(5) DEFAULT NULL,
  `defender1_uid` int(5) DEFAULT NULL,
  `defender2_uid` int(5) DEFAULT NULL,
  `defender3_uid` int(5) DEFAULT NULL,
  `defender4_uid` int(5) DEFAULT NULL,
  `goalkeeper_uid` int(5) DEFAULT NULL,
  PRIMARY KEY (`uid`)
) ENGINE=InnoDB DEFAULT CHARSET=utf8mb4 COMMENT='매칭포지션';

-- 테이블 데이터 spots.matching_entry:~0 rows (대략적) 내보내기
/*!40000 ALTER TABLE `matching_entry` DISABLE KEYS */;
/*!40000 ALTER TABLE `matching_entry` ENABLE KEYS */;

-- 테이블 spots.place 구조 내보내기
DROP TABLE IF EXISTS `place`;
CREATE TABLE IF NOT EXISTS `place` (
  `uid` int(11) NOT NULL AUTO_INCREMENT,
  `place_name` varchar(50) NOT NULL,
  `price` int(6) NOT NULL,
  `address` varchar(50) DEFAULT NULL,
  `code` varchar(50) DEFAULT NULL,
  `open` time DEFAULT NULL,
  `close` time DEFAULT NULL,
  `lng` text DEFAULT NULL,
  `lat` text DEFAULT NULL,
  PRIMARY KEY (`uid`)
) ENGINE=InnoDB AUTO_INCREMENT=24 DEFAULT CHARSET=utf8mb4 COMMENT='구장 정보';

-- 테이블 데이터 spots.place:~22 rows (대략적) 내보내기
/*!40000 ALTER TABLE `place` DISABLE KEYS */;
INSERT INTO `place` (`uid`, `place_name`, `price`, `address`, `code`, `open`, `close`, `lng`, `lat`) VALUES
	(1, '안양천체육생태공원', 50000, '구로구 신도림동', '1153010100', NULL, NULL, '37.5077345', '126.8805914'),
	(2, '안양천체육생태공원', 60000, '구로구 신도림동', '1153010100', NULL, NULL, '37.5077345', '126.8805914'),
	(3, '고척근린공원 운동장', 70000, '구로구 고척동 산9-14번지', '1153010600', NULL, NULL, '37.505969', '126.853168'),
	(4, '고척스카이돔 야외 축구장', 80000, '구로구 고척동 66-47', '1153010600', NULL, NULL, '37.4958302', '126.8674899'),
	(5, '계남근린공원 인조잔디 축구장', 90000, '구로구 고척동 산6-1', '1153010600', NULL, NULL, '37.5086492', '126.8555162'),
	(6, '천마공원 축구장', 100000, '송파구 마천동 산1-8번지', '1171011400', NULL, NULL, '37.50036', '127.1601091'),
	(7, '송파구시각장애인축구장', 50000, '송파구 올림픽로 474', '1171011100', NULL, NULL, '37.5247175', '127.1175084'),
	(8, '송파구 여성축구장', 60000, '송파구 올림픽로 474', '1171011100', NULL, NULL, '37.5247175', '127.1175084'),
	(9, '성보고등학교', 70000, '관악구 남부순환로156길 39', '1162010200', NULL, NULL, '37.4801177', '126.9207947'),
	(10, '광나루한강공원 축구장', 80000, '강동구 암사동 637-4', '1174010700', NULL, NULL, '37.5499421', '127.1216882'),
	(11, '광나루축구장', 90000, '강동구 천호동 351-1', '1174010900', NULL, NULL, '37.5464653', '127.119443'),
	(12, '동명근린공원 인조잔디축구장', 100000, '강동구 아리수로 78길 43-19', '1174010200', NULL, NULL, '37.5607615', '127.16486'),
	(13, '양화한강공원', 50000, '영등포구 양화동 1-4', '1156013100', NULL, NULL, '37.538351', '126.902254'),
	(14, '영롱이억새구장, 갈대구장', 60000, '영등포구 문래동 5가 31', '1156012300', NULL, NULL, '37.5179868', '126.8813009'),
	(15, '대림운동장 인조잔디구장', 70000, '영등포구 대림동 780', '1156013300', NULL, NULL, '37.4996112', '126.8948104'),
	(16, '양재근린공원 축구장', 80000, '서초구 양재2동 311', '1165010200', NULL, NULL, '37.4715434', '127.0423853'),
	(17, '서울시인재개발원 축구장', 90000, '서초구 서초동 393-1', '1165010800', NULL, NULL, '37.4795371', '127.0218775'),
	(18, '반포한강공원', 100000, '서초구 잠원동 122-1', '1165010600', NULL, NULL, '37.5173518', '127.0182303'),
	(19, '잠원한강공원', 50000, '강남구 압구정동 386', '1168011000', NULL, NULL, '37.5275007', '127.0189266'),
	(20, '탄천물재생센터축구장', 60000, '강남구 일원동 4-12', '1168011400', NULL, NULL, '37.495207', '127.0895837'),
	(21, '보라매공원', 70000, '동작구 여의대방로20길 33', '1159010900', NULL, NULL, '37.4932342', '126.9197115'),
	(22, '노들나루공원 인조잔디구장', 80000, '동작구 노량진로 247', '1159010400', NULL, NULL, '37.5138235', '126.953907'),
	(23, '독산동 잔디축구장', 90000, '금천구 독산1동 1086번지', '1154510200', NULL, NULL, '37.4636133', '126.8841338');
/*!40000 ALTER TABLE `place` ENABLE KEYS */;

-- 테이블 spots.position 구조 내보내기
DROP TABLE IF EXISTS `position`;
CREATE TABLE IF NOT EXISTS `position` (
  `uid` int(11) NOT NULL AUTO_INCREMENT,
  `position_name` varchar(50) DEFAULT NULL,
  PRIMARY KEY (`uid`)
) ENGINE=InnoDB AUTO_INCREMENT=5 DEFAULT CHARSET=utf8mb4 COMMENT='포지션';

-- 테이블 데이터 spots.position:~4 rows (대략적) 내보내기
/*!40000 ALTER TABLE `position` DISABLE KEYS */;
INSERT INTO `position` (`uid`, `position_name`) VALUES
	(1, '공격수'),
	(2, '미드필더'),
	(3, '수비수'),
	(4, '골키퍼');
/*!40000 ALTER TABLE `position` ENABLE KEYS */;

-- 테이블 spots.state_code 구조 내보내기
DROP TABLE IF EXISTS `state_code`;
CREATE TABLE IF NOT EXISTS `state_code` (
  `state_code` varchar(50) NOT NULL,
  `state_name` varchar(50) NOT NULL,
  PRIMARY KEY (`state_code`) USING BTREE
) ENGINE=InnoDB DEFAULT CHARSET=utf8mb4 ROW_FORMAT=DYNAMIC COMMENT='시코드';

-- 테이블 데이터 spots.state_code:~85 rows (대략적) 내보내기
/*!40000 ALTER TABLE `state_code` DISABLE KEYS */;
INSERT INTO `state_code` (`state_code`, `state_name`) VALUES
	('1111000000', '서울특별시'),
	('2611000000', '부산광역시'),
	('2711000000', '대구광역시'),
	('2800000000', '인천광역시'),
	('2911000000', '광주광역시'),
	('3011000000', '대전광역시'),
	('3111000000', '울산광역시'),
	('3611000000', '세종특별자치시'),
	('4111000000', '수원시'),
	('4113000000', '성남시'),
	('4115000000', '의정부시'),
	('4117000000', '안양시'),
	('4119000000', '부천시'),
	('4121000000', '광명시'),
	('4122000000', '평택시'),
	('4125000000', '동두천시'),
	('4127000000', '안산시'),
	('4128000000', '고양시'),
	('4129000000', '과천시'),
	('4131000000', '구리시'),
	('4136000000', '남양주시'),
	('4137000000', '오산시'),
	('4139000000', '시흥시'),
	('4141000000', '군포시'),
	('4143000000', '의왕시'),
	('4145000000', '하남시'),
	('4146000000', '용인시'),
	('4148000000', '파주시'),
	('4150000000', '이천시'),
	('4155000000', '안성시'),
	('4157000000', '김포시'),
	('4159000000', '화성시'),
	('4161000000', '광주시'),
	('4163000000', '양주시'),
	('4165000000', '포천시'),
	('4167000000', '여주시'),
	('4211000000', '춘천시'),
	('4213000000', '원주시'),
	('4215000000', '강릉시'),
	('4217000000', '동해시'),
	('4219000000', '태백시'),
	('4221000000', '속초시'),
	('4223000000', '삼척시'),
	('4311000000', '청주시'),
	('4313000000', '충주시'),
	('4315000000', '제천시'),
	('4413000000', '천안시'),
	('4415000000', '공주시'),
	('4418000000', '보령시'),
	('4420000000', '아산시'),
	('4421000000', '서산시'),
	('4423000000', '논산시'),
	('4425000000', '계룡시'),
	('4427000000', '당진시'),
	('4511000000', '전주시'),
	('4513000000', '군산시'),
	('4514000000', '익산시'),
	('4518000000', '정읍시'),
	('4519000000', '남원시'),
	('4521000000', '김제시'),
	('4611000000', '목포시'),
	('4613000000', '여수시\r\n'),
	('4615000000', '순천시'),
	('4617000000', '나주시'),
	('4623000000', '광양시'),
	('4711000000', '포항시'),
	('4713000000', '경주시'),
	('4715000000', '김천시'),
	('4717000000', '안동시'),
	('4719000000', '구미시'),
	('4721000000', '영주시'),
	('4723000000', '영천시'),
	('4725000000', '상주시'),
	('4728000000', '문경시'),
	('4729000000', '경산시'),
	('4812000000', '창원시'),
	('4817000000', '진주시'),
	('4822000000', '통영시'),
	('4824000000', '사천시'),
	('4825000000', '김해시'),
	('4827000000', '밀양시'),
	('4831000000', '거제시'),
	('4833000000', '양산시'),
	('5011000000', '제주시'),
	('5013000000', '서귀포시');
/*!40000 ALTER TABLE `state_code` ENABLE KEYS */;

-- 테이블 spots.team 구조 내보내기
DROP TABLE IF EXISTS `team`;
CREATE TABLE IF NOT EXISTS `team` (
  `uid` int(11) NOT NULL AUTO_INCREMENT,
  `team_name` varchar(50) NOT NULL,
  `team_intro` text DEFAULT NULL,
  `team_rate` int(4) NOT NULL DEFAULT 0,
  `team_win` int(4) NOT NULL DEFAULT 0,
  `team_lose` int(4) NOT NULL DEFAULT 0,
  `team_draw` int(4) NOT NULL DEFAULT 0,
  `captain_uid` int(11) DEFAULT NULL,
  PRIMARY KEY (`uid`),
  UNIQUE KEY `team_name` (`team_name`)
) ENGINE=InnoDB AUTO_INCREMENT=103 DEFAULT CHARSET=utf8mb4 COMMENT='팀';

-- 테이블 데이터 spots.team:~51 rows (대략적) 내보내기
/*!40000 ALTER TABLE `team` DISABLE KEYS */;
INSERT INTO `team` (`uid`, `team_name`, `team_intro`, `team_rate`, `team_win`, `team_lose`, `team_draw`, `captain_uid`) VALUES
	(52, '강원 FC', '강원 FC입니다', 80, 8, 2, 0, NULL),
	(53, '광주 FC', '광주 FC화이팅', 73, 11, 3, 1, NULL),
	(54, '대구 FC', '대구아인교', 95, 123, 4, 2, NULL),
	(55, '부산 아이파크', '마 뜨겁나?', 79, 23, 5, 1, NULL),
	(56, '상주 상무 축구단', '상주 파이팅', 46, 52, 57, 3, NULL),
	(57, 'FC 서울', '서울 자주합니다', 90, 74, 6, 2, NULL),
	(58, '성남 FC', '재밌게해봐요', 100, 876, 2, 0, NULL),
	(59, '수원 삼성 블루윙즈', '화이팅', 100, 978, 3, 0, NULL),
	(60, '울산 현대 축구단', '울산 현대 축구단 화이팅!~', 50, 4, 4, 0, NULL),
	(61, '인천 유나이티드 FC', '매주 10시 조기축구', 88, 341, 45, 0, NULL),
	(62, '전북 현대 모터스', '나가자 싸우자 이기자', 13, 1, 7, 0, NULL),
	(63, '포항 스틸러스', '축구같이 하실분 구해요', 6, 3, 45, 0, NULL),
	(64, '경남 FC', '경남 20대 환영', 83, 34, 7, 0, NULL),
	(65, '대전 시티즌', '대전 매달 회식', 74, 23, 8, 0, NULL),
	(66, '부천 FC 1995', '편히 들어오세요', 5, 3, 53, 0, NULL),
	(67, '서울 이랜드 FC', '서울 우오오오', 80, 24, 4, 2, NULL),
	(68, '수원 FC', '수원 FC', 1, 1, 123, 1, NULL),
	(69, '아산 무궁화 축구단', '아산 무궁화 축구단', 97, 123, 3, 1, NULL),
	(70, '안산 그리너스 FC', '안산 그리너스 FC', 60, 12, 6, 2, NULL),
	(71, 'FC 안양', 'FC 안양', 95, 78, 2, 2, NULL),
	(72, '전남 드래곤즈', '전남 드래곤즈', 26, 5, 1, 13, NULL),
	(73, '제주 유나이티드 FC', '제주 유나이티드 FC', 98, 364, 4, 2, NULL),
	(74, '강릉시청 축구단', '강릉시청 축구단', 90, 246, 26, 1, NULL),
	(75, '경주시민축구단', '경주시민축구단', 24, 8, 23, 2, NULL),
	(76, '경주 한국수력원자력 축구단', '경주 한국수력원자력 축구단', 3, 3, 87, 0, NULL),
	(77, '김포시민축구단', '김포시민축구단', 86, 37, 4, 2, NULL),
	(78, '김해시청 축구단', '김해시청 축구단', 9, 54, 545, 0, NULL),
	(79, '대전 코레일 축구단', '대전 코레일 축구단', 14, 1, 6, 0, NULL),
	(80, '목포시청 축구단', '목포시청 축구단', 0, 1, 768, 0, NULL),
	(81, '부산교통공사 축구단', '부산교통공사 축구단', 3, 2, 65, 0, NULL),
	(82, '양주시민축구단', '양주시민축구단', 91, 572, 54, 0, NULL),
	(83, '전주시민축구단', '전주시민축구단', 58, 43, 31, 0, NULL),
	(84, '창원시청 축구단', '창원시청 축구단', 25, 4, 12, 0, NULL),
	(85, '천안시청 축구단', '천안시청 축구단', 26, 5, 13, 1, NULL),
	(86, '청주 FC', '청주 FC', 30, 6, 3, 11, NULL),
	(87, '춘천시민축구단', '춘천시민축구단', 92, 34, 2, 1, NULL),
	(88, '평택시민축구단', '평택시민축구단', 38, 3, 4, 1, NULL),
	(89, '화성 FC', '화성 FC', 63, 5, 2, 1, NULL),
	(90, '고양시민축구단', '고양시민축구단', 60, 6, 3, 1, NULL),
	(91, 'FC 남동', 'FC 남동', 1, 4, 435, 2, NULL),
	(92, '서울 노원 유나이티드 FC', '우리들의 열정 놀이터', 76, 45, 3, 11, NULL),
	(93, '서울 중랑 축구단', '열정 놀이터 352', 5, 2, 34, 2, NULL),
	(94, '시흥 시민축구단', 'Talk about Soccer', 16, 7, 34, 2, NULL),
	(95, '양평 FC', '축구사랑의 중심', 54, 7, 3, 3, NULL),
	(96, '여주시민축구단', '더 넓은 세상으로 가는 열쇠', 90, 64, 5, 2, NULL),
	(97, '울산시민축구단', '열정과 도전, 그 이상을 위하여', 92, 45, 4, 0, NULL),
	(98, '이천시민축구단', '비상하라! 내일의 챔피언이여!', 55, 88, 68, 3, NULL),
	(99, '진주시민축구단', '거침없는 도전, 위대한 승리!', 62, 67, 7, 34, NULL),
	(100, '충주시민축구단', '멈추지 않는 도전, 승리의 환희! ', 16, 9, 45, 1, NULL),
	(101, '파주시민축구단', '뜨거운 열정, 깨끗한 승부!', 63, 5, 2, 1, NULL),
	(102, '포천시민축구단', '힘찬 도약, 끊임 없는 도전!', 88, 23, 1, 2, NULL);
/*!40000 ALTER TABLE `team` ENABLE KEYS */;

-- 테이블 spots.team_matching 구조 내보내기
DROP TABLE IF EXISTS `team_matching`;
CREATE TABLE IF NOT EXISTS `team_matching` (
  `uid` int(11) NOT NULL AUTO_INCREMENT,
  `head_uid` int(11) NOT NULL COMMENT '방장',
  `home_team_uid` int(11) NOT NULL,
  `away_team_uid` int(11) NOT NULL,
  `home_matching_entry_uid` int(5) DEFAULT NULL COMMENT 'matching_entry uid',
  `away_matching_entry_uid` int(5) DEFAULT NULL COMMENT 'matching_entry uid',
  `create_date` datetime DEFAULT NULL COMMENT '만든날',
  `matching_date` datetime DEFAULT NULL COMMENT '매칭날, 시간',
  `home_scroe` int(2) NOT NULL DEFAULT 0,
  `away_score` int(2) NOT NULL DEFAULT 0,
  `ready_num` int(2) NOT NULL DEFAULT 0 COMMENT '한팀 전체 ready하면++ 2가 되면 매칭 완료',
  `place_uid` int(11) DEFAULT NULL,
  `price` int(5) NOT NULL COMMENT '인당 가격',
  `head_price` int(5) NOT NULL COMMENT '방장 가격(22로 안나눠떨어지는건 방장이 더내는걸로)',
  `dong_code` varchar(50) DEFAULT NULL,
  `title` varchar(50) NOT NULL,
  PRIMARY KEY (`uid`)
) ENGINE=InnoDB AUTO_INCREMENT=15 DEFAULT CHARSET=utf8mb4 COMMENT='팀 매칭';

-- 테이블 데이터 spots.team_matching:~14 rows (대략적) 내보내기
/*!40000 ALTER TABLE `team_matching` DISABLE KEYS */;
INSERT INTO `team_matching` (`uid`, `head_uid`, `home_team_uid`, `away_team_uid`, `home_matching_entry_uid`, `away_matching_entry_uid`, `create_date`, `matching_date`, `home_scroe`, `away_score`, `ready_num`, `place_uid`, `price`, `head_price`, `dong_code`, `title`) VALUES
	(1, 1, 0, 0, 1, 1, '2018-01-01 13:30:50', '2020-01-04 00:00:00', 1, 1, 1, 1, 1, 1, '1111010500', '한판할사람444'),
	(2, 1, 0, 0, 1, 1, '2018-01-01 13:30:50', '2020-01-05 00:00:00', 1, 1, 1, 1, 1, 1, '1111010600', '한판할사람555'),
	(3, 1, 0, 0, 1, 1, '2018-01-01 13:30:50', '2020-01-06 00:00:00', 1, 1, 1, 1, 1, 1, '1111010700', '한판할사람666'),
	(4, 1, 0, 0, NULL, NULL, NULL, NULL, 0, 0, 0, 1, 3000, 3400, NULL, '같이 경기하실 팀 구해요'),
	(5, 1, 0, 0, NULL, NULL, NULL, NULL, 0, 0, 0, 1, 3000, 3401, NULL, '초보만~!!!@@@@@@@@@@@@@'),
	(6, 1, 0, 0, NULL, NULL, NULL, NULL, 0, 0, 0, 1, 3000, 3402, NULL, '고수만~!!@@@@@@@@@@@@2'),
	(7, 1, 0, 0, NULL, NULL, NULL, NULL, 0, 0, 0, 1, 3000, 3403, NULL, '시간되시는 분~!!'),
	(8, 1, 0, 0, NULL, NULL, NULL, NULL, 0, 0, 0, 1, 3000, 3404, NULL, '축구 한게임 같이해요'),
	(9, 1, 0, 0, NULL, NULL, NULL, NULL, 0, 0, 0, 1, 3000, 3405, NULL, '여기여기 모여라'),
	(10, 1, 0, 0, NULL, NULL, NULL, NULL, 0, 0, 0, 1, 3000, 3406, NULL, '같이 경기할 팀 구합니다'),
	(11, 1, 0, 0, NULL, NULL, NULL, NULL, 0, 0, 0, 1, 3000, 3407, NULL, '매너겜ㄱㄱ'),
	(12, 1, 0, 0, NULL, NULL, NULL, NULL, 0, 0, 0, 1, 3000, 3408, NULL, '동네축구단입니다'),
	(13, 1, 0, 0, NULL, NULL, NULL, NULL, 0, 0, 0, 1, 3000, 3409, NULL, '한판같이해요'),
	(14, 1, 0, 0, NULL, NULL, NULL, NULL, 0, 0, 0, 1, 3000, 3410, NULL, 'ㄱㄱ ');
/*!40000 ALTER TABLE `team_matching` ENABLE KEYS */;

-- 테이블 spots.user 구조 내보내기
DROP TABLE IF EXISTS `user`;
CREATE TABLE IF NOT EXISTS `user` (
  `uid` int(11) NOT NULL AUTO_INCREMENT,
  `email` varchar(50) NOT NULL,
  `password` varchar(50) NOT NULL,
  `birthday` varchar(6) NOT NULL,
  `skill` char(2) NOT NULL DEFAULT '중',
  `position_uid` varchar(50) DEFAULT NULL COMMENT '1,2,3 이런 형식으로 쓸예정',
  `ckMail` char(1) NOT NULL DEFAULT 'N' COMMENT '이메일 인증',
  `win` int(4) NOT NULL DEFAULT 0,
  `lose` int(4) NOT NULL DEFAULT 0,
  `draw` int(4) NOT NULL DEFAULT 0,
  `warning` int(1) NOT NULL DEFAULT 0 COMMENT '경고',
  `team_uid` int(11) DEFAULT NULL,
  `nickname` varchar(50) DEFAULT NULL,
  `city_code` varchar(50) DEFAULT NULL,
  `state_code` varchar(50) DEFAULT NULL,
  `dong_code` varchar(50) DEFAULT NULL,
  `comment` text DEFAULT NULL,
  PRIMARY KEY (`uid`) USING BTREE,
  UNIQUE KEY `email` (`email`) USING BTREE
) ENGINE=InnoDB AUTO_INCREMENT=435 DEFAULT CHARSET=utf8mb4 ROW_FORMAT=DYNAMIC COMMENT='사용자';

-- 테이블 데이터 spots.user:~218 rows (대략적) 내보내기
/*!40000 ALTER TABLE `user` DISABLE KEYS */;
INSERT INTO `user` (`uid`, `email`, `password`, `birthday`, `skill`, `position_uid`, `ckMail`, `win`, `lose`, `draw`, `warning`, `team_uid`, `nickname`, `city_code`, `state_code`, `dong_code`, `comment`) VALUES
	(1, 'aaa@aaa.com', '111', '1', '1', '1', '1', 1, 1, 1, 1, 1, 'aaa', NULL, NULL, NULL, NULL),
	(2, 'bbb@bbb.com', '222', '1', '1', '1', '1', 1, 1, 1, 1, 1, 'bbb', NULL, NULL, NULL, NULL),
	(3, 'ccc@ccc.com', '333', '1', '1', '1', '1', 1, 1, 1, 1, 1, 'ccc', NULL, NULL, NULL, NULL),
	(219, 'tmp1@ssafy.com', '1', '950619', '중', NULL, 'N', 0, 0, 0, 0, NULL, '이광연', NULL, NULL, NULL, NULL),
	(220, 'tmp2', '1', '950620', '중', NULL, 'N', 0, 0, 0, 0, NULL, '김영빈', NULL, NULL, NULL, NULL),
	(221, 'tmp3', '1', '950621', '중', NULL, 'N', 0, 0, 0, 0, NULL, '신세계', NULL, NULL, NULL, NULL),
	(222, 'tmp4', '1', '950622', '중', NULL, 'N', 0, 0, 0, 0, NULL, '이호인', NULL, NULL, NULL, NULL),
	(223, 'tmp5', '1', '950623', '중', NULL, 'N', 0, 0, 0, 0, NULL, '조지훈', NULL, NULL, NULL, NULL),
	(224, 'tmp6', '1', '950624', '중', NULL, 'N', 0, 0, 0, 0, NULL, '정석화', NULL, NULL, NULL, NULL),
	(225, 'tmp7', '1', '950625', '중', NULL, 'N', 0, 0, 0, 0, NULL, '이재권', NULL, NULL, NULL, NULL),
	(226, 'tmp8', '1', '950626', '중', NULL, 'N', 0, 0, 0, 0, NULL, '김지현', NULL, NULL, NULL, NULL),
	(227, 'tmp9', '1', '950627', '중', NULL, 'N', 0, 0, 0, 0, NULL, '고무열', NULL, NULL, NULL, NULL),
	(228, 'tmp10', '1', '950628', '중', NULL, 'N', 0, 0, 0, 0, NULL, '김승대', NULL, NULL, NULL, NULL),
	(229, 'tmp11', '1', '950629', '중', NULL, 'N', 0, 0, 0, 0, NULL, '정민우', NULL, NULL, NULL, NULL),
	(230, 'tmp12', '1', '950630', '중', NULL, 'N', 0, 0, 0, 0, NULL, '한국영 ', NULL, NULL, NULL, NULL),
	(231, 'tmp13', '1', '950631', '중', NULL, 'N', 0, 0, 0, 0, NULL, '정지용', NULL, NULL, NULL, NULL),
	(232, 'tmp14', '1', '950632', '중', NULL, 'N', 0, 0, 0, 0, NULL, '지의수', NULL, NULL, NULL, NULL),
	(233, 'tmp15', '1', '950633', '중', NULL, 'N', 0, 0, 0, 0, NULL, '신광훈', NULL, NULL, NULL, NULL),
	(234, 'tmp16', '1', '950634', '중', NULL, 'N', 0, 0, 0, 0, NULL, '조재완', NULL, NULL, NULL, NULL),
	(235, 'tmp17', '1', '950635', '중', NULL, 'N', 0, 0, 0, 0, NULL, '채광훈', NULL, NULL, NULL, NULL),
	(236, 'tmp18', '1', '950636', '중', NULL, 'N', 0, 0, 0, 0, NULL, '조윤성', NULL, NULL, NULL, NULL),
	(237, 'tmp19', '1', '950637', '중', NULL, 'N', 0, 0, 0, 0, NULL, '서민우', NULL, NULL, NULL, NULL),
	(238, 'tmp20', '1', '950638', '중', NULL, 'N', 0, 0, 0, 0, NULL, '이범수', NULL, NULL, NULL, NULL),
	(239, 'tmp21', '1', '950639', '중', NULL, 'N', 0, 0, 0, 0, NULL, '임채민 ', NULL, NULL, NULL, NULL),
	(240, 'tmp22', '1', '950640', '중', NULL, 'N', 0, 0, 0, 0, NULL, '김수혁', NULL, NULL, NULL, NULL),
	(241, 'tmp23', '1', '950641', '중', NULL, 'N', 0, 0, 0, 0, NULL, '김수범', NULL, NULL, NULL, NULL),
	(242, 'tmp24', '1', '950642', '중', NULL, 'N', 0, 0, 0, 0, NULL, '이현식', NULL, NULL, NULL, NULL),
	(243, 'tmp25', '1', '950643', '중', NULL, 'N', 0, 0, 0, 0, NULL, '가솔현', NULL, NULL, NULL, NULL),
	(244, 'tmp26', '1', '950644', '중', NULL, 'N', 0, 0, 0, 0, NULL, '이병욱', NULL, NULL, NULL, NULL),
	(245, 'tmp27', '1', '950645', '중', NULL, 'N', 0, 0, 0, 0, NULL, '이연규', NULL, NULL, NULL, NULL),
	(246, 'tmp28', '1', '950646', '중', NULL, 'N', 0, 0, 0, 0, NULL, '이영재', NULL, NULL, NULL, NULL),
	(247, 'tmp29', '1', '950647', '중', NULL, 'N', 0, 0, 0, 0, NULL, '신재욱', NULL, NULL, NULL, NULL),
	(248, 'tmp30', '1', '950648', '중', NULL, 'N', 0, 0, 0, 0, NULL, '홍원진', NULL, NULL, NULL, NULL),
	(249, 'tmp31', '1', '950649', '중', NULL, 'N', 0, 0, 0, 0, NULL, '나카자토', NULL, NULL, NULL, NULL),
	(250, 'tmp32', '1', '950650', '중', NULL, 'N', 0, 0, 0, 0, NULL, '이강한', NULL, NULL, NULL, NULL),
	(251, 'tmp33', '1', '950651', '중', NULL, 'N', 0, 0, 0, 0, NULL, '김경중', NULL, NULL, NULL, NULL),
	(252, 'tmp34', '1', '950652', '중', NULL, 'N', 0, 0, 0, 0, NULL, '권재범', NULL, NULL, NULL, NULL),
	(253, 'tmp35', '1', '950653', '중', NULL, 'N', 0, 0, 0, 0, NULL, '송승준', NULL, NULL, NULL, NULL),
	(254, 'tmp36', '1', '950654', '중', NULL, 'N', 0, 0, 0, 0, NULL, '문광석', NULL, NULL, NULL, NULL),
	(255, 'tmp37', '1', '950655', '중', NULL, 'N', 0, 0, 0, 0, NULL, '박경배', NULL, NULL, NULL, NULL),
	(256, 'tmp38', '1', '950656', '중', NULL, 'N', 0, 0, 0, 0, NULL, '정현우', NULL, NULL, NULL, NULL),
	(257, 'tmp39', '1', '950657', '중', NULL, 'N', 0, 0, 0, 0, NULL, '이한도', NULL, NULL, NULL, NULL),
	(258, 'tmp40', '1', '950658', '중', NULL, 'N', 0, 0, 0, 0, NULL, '이진형', NULL, NULL, NULL, NULL),
	(259, 'tmp41', '1', '950659', '중', NULL, 'N', 0, 0, 0, 0, NULL, '김주공', NULL, NULL, NULL, NULL),
	(260, 'tmp42', '1', '950660', '중', NULL, 'N', 0, 0, 0, 0, NULL, '김태곤', NULL, NULL, NULL, NULL),
	(261, 'tmp43', '1', '950661', '중', NULL, 'N', 0, 0, 0, 0, NULL, '이희균', NULL, NULL, NULL, NULL),
	(262, 'tmp44', '1', '950662', '중', NULL, 'N', 0, 0, 0, 0, NULL, '김진현', NULL, NULL, NULL, NULL),
	(263, 'tmp45', '1', '950663', '중', NULL, 'N', 0, 0, 0, 0, NULL, '김창수', NULL, NULL, NULL, NULL),
	(264, 'tmp46', '1', '950664', '중', NULL, 'N', 0, 0, 0, 0, NULL, '최준혁', NULL, NULL, NULL, NULL),
	(265, 'tmp47', '1', '950665', '중', NULL, 'N', 0, 0, 0, 0, NULL, '한희훈', NULL, NULL, NULL, NULL),
	(266, 'tmp48', '1', '950666', '중', NULL, 'N', 0, 0, 0, 0, NULL, '이민기', NULL, NULL, NULL, NULL),
	(267, 'tmp49', '1', '950667', '중', NULL, 'N', 0, 0, 0, 0, NULL, '한용수', NULL, NULL, NULL, NULL),
	(268, 'tmp50', '1', '950668', '중', NULL, 'N', 0, 0, 0, 0, NULL, '이순민', NULL, NULL, NULL, NULL),
	(269, 'tmp51', '1', '950669', '중', NULL, 'N', 0, 0, 0, 0, NULL, '마르코', NULL, NULL, NULL, NULL),
	(270, 'tmp52', '1', '950670', '중', NULL, 'N', 0, 0, 0, 0, NULL, '윌리안', NULL, NULL, NULL, NULL),
	(271, 'tmp53', '1', '950671', '중', NULL, 'N', 0, 0, 0, 0, NULL, '허율', NULL, NULL, NULL, NULL),
	(272, 'tmp54', '1', '950672', '중', NULL, 'N', 0, 0, 0, 0, NULL, '아슐마토프', NULL, NULL, NULL, NULL),
	(273, 'tmp55', '1', '950673', '중', NULL, 'N', 0, 0, 0, 0, NULL, '정준연', NULL, NULL, NULL, NULL),
	(274, 'tmp56', '1', '950674', '중', NULL, 'N', 0, 0, 0, 0, NULL, '김태윤', NULL, NULL, NULL, NULL),
	(275, 'tmp57', '1', '950675', '중', NULL, 'N', 0, 0, 0, 0, NULL, '박준희', NULL, NULL, NULL, NULL),
	(276, 'tmp58', '1', '950676', '중', NULL, 'N', 0, 0, 0, 0, NULL, '박정수', NULL, NULL, NULL, NULL),
	(277, 'tmp59', '1', '950677', '중', NULL, 'N', 0, 0, 0, 0, NULL, '여름', NULL, NULL, NULL, NULL),
	(278, 'tmp60', '1', '950678', '중', NULL, 'N', 0, 0, 0, 0, NULL, '이으뜸', NULL, NULL, NULL, NULL),
	(279, 'tmp61', '1', '950679', '중', NULL, 'N', 0, 0, 0, 0, NULL, '펠리페', NULL, NULL, NULL, NULL),
	(280, 'tmp62', '1', '950680', '중', NULL, 'N', 0, 0, 0, 0, NULL, '임민혁', NULL, NULL, NULL, NULL),
	(281, 'tmp63', '1', '950681', '중', NULL, 'N', 0, 0, 0, 0, NULL, '김정환', NULL, NULL, NULL, NULL),
	(282, 'tmp64', '1', '950682', '중', NULL, 'N', 0, 0, 0, 0, NULL, '두현석', NULL, NULL, NULL, NULL),
	(283, 'tmp65', '1', '950683', '중', NULL, 'N', 0, 0, 0, 0, NULL, '여봉훈', NULL, NULL, NULL, NULL),
	(284, 'tmp66', '1', '950684', '중', NULL, 'N', 0, 0, 0, 0, NULL, '홍준호', NULL, NULL, NULL, NULL),
	(285, 'tmp67', '1', '950685', '중', NULL, 'N', 0, 0, 0, 0, NULL, '백도원', NULL, NULL, NULL, NULL),
	(286, 'tmp68', '1', '950686', '중', NULL, 'N', 0, 0, 0, 0, NULL, '엄원상', NULL, NULL, NULL, NULL),
	(287, 'tmp69', '1', '950687', '중', NULL, 'N', 0, 0, 0, 0, NULL, '김효기', NULL, NULL, NULL, NULL),
	(288, 'tmp70', '1', '950688', '중', NULL, 'N', 0, 0, 0, 0, NULL, '양형모', NULL, NULL, NULL, NULL),
	(289, 'tmp71', '1', '950689', '중', NULL, 'N', 0, 0, 0, 0, NULL, '김준형', NULL, NULL, NULL, NULL),
	(290, 'tmp72', '1', '950690', '중', NULL, 'N', 0, 0, 0, 0, NULL, '명준재', NULL, NULL, NULL, NULL),
	(291, 'tmp73', '1', '950691', '중', NULL, 'N', 0, 0, 0, 0, NULL, '이상민', NULL, NULL, NULL, NULL),
	(292, 'tmp74', '1', '950692', '중', NULL, 'N', 0, 0, 0, 0, NULL, '최성근', NULL, NULL, NULL, NULL),
	(293, 'tmp75', '1', '950693', '중', NULL, 'N', 0, 0, 0, 0, NULL, '염기훈 ', NULL, NULL, NULL, NULL),
	(294, 'tmp76', '1', '950694', '중', NULL, 'N', 0, 0, 0, 0, NULL, '이풍연', NULL, NULL, NULL, NULL),
	(295, 'tmp77', '1', '950695', '중', NULL, 'N', 0, 0, 0, 0, NULL, '신상휘', NULL, NULL, NULL, NULL),
	(296, 'tmp78', '1', '950696', '중', NULL, 'N', 0, 0, 0, 0, NULL, '이이기', NULL, NULL, NULL, NULL),
	(297, 'tmp79', '1', '950697', '중', NULL, 'N', 0, 0, 0, 0, NULL, '장호익', NULL, NULL, NULL, NULL),
	(298, 'tmp80', '1', '950698', '중', NULL, 'N', 0, 0, 0, 0, NULL, '강현욱', NULL, NULL, NULL, NULL),
	(299, 'tmp81', '1', '950699', '중', NULL, 'N', 0, 0, 0, 0, NULL, '민상기', NULL, NULL, NULL, NULL),
	(300, 'tmp82', '1', '950700', '중', NULL, 'N', 0, 0, 0, 0, NULL, '이강희', NULL, NULL, NULL, NULL),
	(301, 'tmp83', '1', '950701', '중', NULL, 'N', 0, 0, 0, 0, NULL, '윤서호', NULL, NULL, NULL, NULL),
	(302, 'tmp84', '1', '950702', '중', NULL, 'N', 0, 0, 0, 0, NULL, '손호준', NULL, NULL, NULL, NULL),
	(303, 'tmp85', '1', '950703', '중', NULL, 'N', 0, 0, 0, 0, NULL, '고승범', NULL, NULL, NULL, NULL),
	(304, 'tmp86', '1', '950704', '중', NULL, 'N', 0, 0, 0, 0, NULL, '이용연', NULL, NULL, NULL, NULL),
	(305, 'tmp87', '1', '950705', '중', NULL, 'N', 0, 0, 0, 0, NULL, '구대영', NULL, NULL, NULL, NULL),
	(306, 'tmp88', '1', '950706', '중', NULL, 'N', 0, 0, 0, 0, NULL, '정상빈', NULL, NULL, NULL, NULL),
	(307, 'tmp89', '1', '950707', '중', NULL, 'N', 0, 0, 0, 0, NULL, '박상혁', NULL, NULL, NULL, NULL),
	(308, 'tmp90', '1', '950708', '중', NULL, 'N', 0, 0, 0, 0, NULL, '안찬기', NULL, NULL, NULL, NULL),
	(309, 'tmp91', '1', '950709', '중', NULL, 'N', 0, 0, 0, 0, NULL, '박대원', NULL, NULL, NULL, NULL),
	(310, 'tmp92', '1', '950710', '중', NULL, 'N', 0, 0, 0, 0, NULL, '양상민', NULL, NULL, NULL, NULL),
	(311, 'tmp93', '1', '950711', '중', NULL, 'N', 0, 0, 0, 0, NULL, '헨리', NULL, NULL, NULL, NULL),
	(312, 'tmp94', '1', '950712', '중', NULL, 'N', 0, 0, 0, 0, NULL, '조성진', NULL, NULL, NULL, NULL),
	(313, 'tmp95', '1', '950713', '중', NULL, 'N', 0, 0, 0, 0, NULL, '임선영', NULL, NULL, NULL, NULL),
	(314, 'tmp96', '1', '950714', '중', NULL, 'N', 0, 0, 0, 0, NULL, '크르피치', NULL, NULL, NULL, NULL),
	(315, 'tmp97', '1', '950715', '중', NULL, 'N', 0, 0, 0, 0, NULL, '안토니스', NULL, NULL, NULL, NULL),
	(316, 'tmp98', '1', '950716', '중', NULL, 'N', 0, 0, 0, 0, NULL, '한의권', NULL, NULL, NULL, NULL),
	(317, 'tmp99', '1', '950717', '중', NULL, 'N', 0, 0, 0, 0, NULL, '김민우', NULL, NULL, NULL, NULL),
	(318, 'tmp100', '1', '950718', '중', NULL, 'N', 0, 0, 0, 0, NULL, '임상협', NULL, NULL, NULL, NULL),
	(319, 'tmp101', '1', '950719', '중', NULL, 'N', 0, 0, 0, 0, NULL, '김태환', NULL, NULL, NULL, NULL),
	(320, 'tmp102', '1', '950720', '중', NULL, 'N', 0, 0, 0, 0, NULL, '한석희', NULL, NULL, NULL, NULL),
	(321, 'tmp103', '1', '950721', '중', NULL, 'N', 0, 0, 0, 0, NULL, '김건희', NULL, NULL, NULL, NULL),
	(322, 'tmp104', '1', '950722', '중', NULL, 'N', 0, 0, 0, 0, NULL, '이용혁', NULL, NULL, NULL, NULL),
	(323, 'tmp105', '1', '950723', '중', NULL, 'N', 0, 0, 0, 0, NULL, '이종성', NULL, NULL, NULL, NULL),
	(324, 'tmp106', '1', '950724', '중', NULL, 'N', 0, 0, 0, 0, NULL, '김종우', NULL, NULL, NULL, NULL),
	(325, 'tmp107', '1', '950725', '중', NULL, 'N', 0, 0, 0, 0, NULL, '타가트', NULL, NULL, NULL, NULL),
	(326, 'tmp108', '1', '950726', '중', NULL, 'N', 0, 0, 0, 0, NULL, '노동건', NULL, NULL, NULL, NULL),
	(327, 'tmp109', '1', '950727', '중', NULL, 'N', 0, 0, 0, 0, NULL, '김상준', NULL, NULL, NULL, NULL),
	(328, 'tmp110', '1', '950728', '중', NULL, 'N', 0, 0, 0, 0, NULL, '이진용', NULL, NULL, NULL, NULL),
	(329, 'tmp111', '1', '950729', '중', NULL, 'N', 0, 0, 0, 0, NULL, '데얀', NULL, NULL, NULL, NULL),
	(330, 'tmp112', '1', '950730', '중', NULL, 'N', 0, 0, 0, 0, NULL, '이동건', NULL, NULL, NULL, NULL),
	(331, 'tmp113', '1', '950731', '중', NULL, 'N', 0, 0, 0, 0, NULL, '류재문', NULL, NULL, NULL, NULL),
	(332, 'tmp114', '1', '950732', '중', NULL, 'N', 0, 0, 0, 0, NULL, '윤종태', NULL, NULL, NULL, NULL),
	(333, 'tmp115', '1', '950733', '중', NULL, 'N', 0, 0, 0, 0, NULL, '하명래', NULL, NULL, NULL, NULL),
	(334, 'tmp116', '1', '950734', '중', NULL, 'N', 0, 0, 0, 0, NULL, '정치인', NULL, NULL, NULL, NULL),
	(335, 'tmp117', '1', '950735', '중', NULL, 'N', 0, 0, 0, 0, NULL, '김태한', NULL, NULL, NULL, NULL),
	(336, 'tmp118', '1', '950736', '중', NULL, 'N', 0, 0, 0, 0, NULL, '이찬웅', NULL, NULL, NULL, NULL),
	(337, 'tmp119', '1', '950737', '중', NULL, 'N', 0, 0, 0, 0, NULL, '이근섭', NULL, NULL, NULL, NULL),
	(338, 'tmp120', '1', '950738', '중', NULL, 'N', 0, 0, 0, 0, NULL, '장성원', NULL, NULL, NULL, NULL),
	(339, 'tmp121', '1', '950739', '중', NULL, 'N', 0, 0, 0, 0, NULL, '박재경', NULL, NULL, NULL, NULL),
	(340, 'tmp122', '1', '950740', '중', NULL, 'N', 0, 0, 0, 0, NULL, '신중', NULL, NULL, NULL, NULL),
	(341, 'tmp123', '1', '950741', '중', NULL, 'N', 0, 0, 0, 0, NULL, '이학윤', NULL, NULL, NULL, NULL),
	(342, 'tmp124', '1', '950742', '중', NULL, 'N', 0, 0, 0, 0, NULL, '안창민', NULL, NULL, NULL, NULL),
	(343, 'tmp125', '1', '950743', '중', NULL, 'N', 0, 0, 0, 0, NULL, '조우현', NULL, NULL, NULL, NULL),
	(344, 'tmp126', '1', '950744', '중', NULL, 'N', 0, 0, 0, 0, NULL, '츠바사', NULL, NULL, NULL, NULL),
	(345, 'tmp127', '1', '950745', '중', NULL, 'N', 0, 0, 0, 0, NULL, '박한빈', NULL, NULL, NULL, NULL),
	(346, 'tmp128', '1', '950746', '중', NULL, 'N', 0, 0, 0, 0, NULL, '구성윤', NULL, NULL, NULL, NULL),
	(347, 'tmp129', '1', '950747', '중', NULL, 'N', 0, 0, 0, 0, NULL, '고태규', NULL, NULL, NULL, NULL),
	(348, 'tmp130', '1', '950748', '중', NULL, 'N', 0, 0, 0, 0, NULL, '조진우', NULL, NULL, NULL, NULL),
	(349, 'tmp131', '1', '950749', '중', NULL, 'N', 0, 0, 0, 0, NULL, '이진현', NULL, NULL, NULL, NULL),
	(350, 'tmp132', '1', '950750', '중', NULL, 'N', 0, 0, 0, 0, NULL, '황태현', NULL, NULL, NULL, NULL),
	(351, 'tmp133', '1', '950751', '중', NULL, 'N', 0, 0, 0, 0, NULL, '김우석', NULL, NULL, NULL, NULL),
	(352, 'tmp134', '1', '950752', '중', NULL, 'N', 0, 0, 0, 0, NULL, '정태욱', NULL, NULL, NULL, NULL),
	(353, 'tmp135', '1', '950753', '중', NULL, 'N', 0, 0, 0, 0, NULL, '홍정운 ', NULL, NULL, NULL, NULL),
	(354, 'tmp136', '1', '950754', '중', NULL, 'N', 0, 0, 0, 0, NULL, '김재우', NULL, NULL, NULL, NULL),
	(355, 'tmp137', '1', '950755', '중', NULL, 'N', 0, 0, 0, 0, NULL, '신창무', NULL, NULL, NULL, NULL),
	(356, 'tmp138', '1', '950756', '중', NULL, 'N', 0, 0, 0, 0, NULL, '김선민', NULL, NULL, NULL, NULL),
	(357, 'tmp139', '1', '950757', '중', NULL, 'N', 0, 0, 0, 0, NULL, '에드가', NULL, NULL, NULL, NULL),
	(358, 'tmp140', '1', '950758', '중', NULL, 'N', 0, 0, 0, 0, NULL, '세징야', NULL, NULL, NULL, NULL),
	(359, 'tmp141', '1', '950759', '중', NULL, 'N', 0, 0, 0, 0, NULL, '오후성', NULL, NULL, NULL, NULL),
	(360, 'tmp142', '1', '950760', '중', NULL, 'N', 0, 0, 0, 0, NULL, '김대원', NULL, NULL, NULL, NULL),
	(361, 'tmp143', '1', '950761', '중', NULL, 'N', 0, 0, 0, 0, NULL, '임재혁', NULL, NULL, NULL, NULL),
	(362, 'tmp144', '1', '950762', '중', NULL, 'N', 0, 0, 0, 0, NULL, '박민서', NULL, NULL, NULL, NULL),
	(363, 'tmp145', '1', '950763', '중', NULL, 'N', 0, 0, 0, 0, NULL, '정승원', NULL, NULL, NULL, NULL),
	(364, 'tmp146', '1', '950764', '중', NULL, 'N', 0, 0, 0, 0, NULL, '정영웅', NULL, NULL, NULL, NULL),
	(365, 'tmp147', '1', '950765', '중', NULL, 'N', 0, 0, 0, 0, NULL, '황순민', NULL, NULL, NULL, NULL),
	(366, 'tmp148', '1', '950766', '중', NULL, 'N', 0, 0, 0, 0, NULL, '김동진', NULL, NULL, NULL, NULL),
	(367, 'tmp149', '1', '950767', '중', NULL, 'N', 0, 0, 0, 0, NULL, '이준희', NULL, NULL, NULL, NULL),
	(368, 'tmp150', '1', '950768', '중', NULL, 'N', 0, 0, 0, 0, NULL, '고명진', NULL, NULL, NULL, NULL),
	(369, 'tmp151', '1', '950769', '중', NULL, 'N', 0, 0, 0, 0, NULL, '김태환', NULL, NULL, NULL, NULL),
	(370, 'tmp152', '1', '950770', '중', NULL, 'N', 0, 0, 0, 0, NULL, '이현승', NULL, NULL, NULL, NULL),
	(371, 'tmp153', '1', '950771', '중', NULL, 'N', 0, 0, 0, 0, NULL, '서주환', NULL, NULL, NULL, NULL),
	(372, 'tmp154', '1', '950772', '중', NULL, 'N', 0, 0, 0, 0, NULL, '조현택', NULL, NULL, NULL, NULL),
	(373, 'tmp155', '1', '950773', '중', NULL, 'N', 0, 0, 0, 0, NULL, '장재원', NULL, NULL, NULL, NULL),
	(374, 'tmp156', '1', '950774', '중', NULL, 'N', 0, 0, 0, 0, NULL, '이형경', NULL, NULL, NULL, NULL),
	(375, 'tmp157', '1', '950775', '중', NULL, 'N', 0, 0, 0, 0, NULL, '정훈성', NULL, NULL, NULL, NULL),
	(376, 'tmp158', '1', '950776', '중', NULL, 'N', 0, 0, 0, 0, NULL, '홍철', NULL, NULL, NULL, NULL),
	(377, 'tmp159', '1', '950777', '중', NULL, 'N', 0, 0, 0, 0, NULL, '박하빈', NULL, NULL, NULL, NULL),
	(378, 'tmp160', '1', '950778', '중', NULL, 'N', 0, 0, 0, 0, NULL, '김기희', NULL, NULL, NULL, NULL),
	(379, 'tmp161', '1', '950779', '중', NULL, 'N', 0, 0, 0, 0, NULL, '이기운', NULL, NULL, NULL, NULL),
	(380, 'tmp162', '1', '950780', '중', NULL, 'N', 0, 0, 0, 0, NULL, '설영우', NULL, NULL, NULL, NULL),
	(381, 'tmp163', '1', '950781', '중', NULL, 'N', 0, 0, 0, 0, NULL, '이청용', NULL, NULL, NULL, NULL),
	(382, 'tmp164', '1', '950782', '중', NULL, 'N', 0, 0, 0, 0, NULL, '민동환', NULL, NULL, NULL, NULL),
	(383, 'tmp165', '1', '950783', '중', NULL, 'N', 0, 0, 0, 0, NULL, '이상헌', NULL, NULL, NULL, NULL),
	(384, 'tmp166', '1', '950784', '중', NULL, 'N', 0, 0, 0, 0, NULL, '박정인', NULL, NULL, NULL, NULL),
	(385, 'tmp167', '1', '950785', '중', NULL, 'N', 0, 0, 0, 0, NULL, '정동호', NULL, NULL, NULL, NULL),
	(386, 'tmp168', '1', '950786', '중', NULL, 'N', 0, 0, 0, 0, NULL, '데이비슨', NULL, NULL, NULL, NULL),
	(387, 'tmp169', '1', '950787', '중', NULL, 'N', 0, 0, 0, 0, NULL, '불투이스', NULL, NULL, NULL, NULL),
	(388, 'tmp170', '1', '950788', '중', NULL, 'N', 0, 0, 0, 0, NULL, '김민덕', NULL, NULL, NULL, NULL),
	(389, 'tmp171', '1', '950789', '중', NULL, 'N', 0, 0, 0, 0, NULL, '박주호', NULL, NULL, NULL, NULL),
	(390, 'tmp172', '1', '950790', '중', NULL, 'N', 0, 0, 0, 0, NULL, '김인성', NULL, NULL, NULL, NULL),
	(391, 'tmp173', '1', '950791', '중', NULL, 'N', 0, 0, 0, 0, NULL, '신진호 ', NULL, NULL, NULL, NULL),
	(392, 'tmp174', '1', '950792', '중', NULL, 'N', 0, 0, 0, 0, NULL, '주니오', NULL, NULL, NULL, NULL),
	(393, 'tmp175', '1', '950793', '중', NULL, 'N', 0, 0, 0, 0, NULL, '윤빛가람', NULL, NULL, NULL, NULL),
	(394, 'tmp176', '1', '950794', '중', NULL, 'N', 0, 0, 0, 0, NULL, '이근호', NULL, NULL, NULL, NULL),
	(395, 'tmp177', '1', '950795', '중', NULL, 'N', 0, 0, 0, 0, NULL, '김민준', NULL, NULL, NULL, NULL),
	(396, 'tmp178', '1', '950796', '중', NULL, 'N', 0, 0, 0, 0, NULL, '이동경', NULL, NULL, NULL, NULL),
	(397, 'tmp179', '1', '950797', '중', NULL, 'N', 0, 0, 0, 0, NULL, '정승현', NULL, NULL, NULL, NULL),
	(398, 'tmp180', '1', '950798', '중', NULL, 'N', 0, 0, 0, 0, NULL, '원두재', NULL, NULL, NULL, NULL),
	(399, 'tmp181', '1', '950799', '중', NULL, 'N', 0, 0, 0, 0, NULL, '김성준', NULL, NULL, NULL, NULL),
	(400, 'tmp182', '1', '950800', '중', NULL, 'N', 0, 0, 0, 0, NULL, '비욘 존슨', NULL, NULL, NULL, NULL),
	(401, 'tmp183', '1', '950801', '중', NULL, 'N', 0, 0, 0, 0, NULL, '조현우', NULL, NULL, NULL, NULL),
	(402, 'tmp184', '1', '950802', '중', NULL, 'N', 0, 0, 0, 0, NULL, '정성민', NULL, NULL, NULL, NULL),
	(403, 'tmp185', '1', '950803', '중', NULL, 'N', 0, 0, 0, 0, NULL, '최필수', NULL, NULL, NULL, NULL),
	(404, 'tmp186', '1', '950804', '중', NULL, 'N', 0, 0, 0, 0, NULL, '김승준', NULL, NULL, NULL, NULL),
	(405, 'tmp187', '1', '950805', '중', NULL, 'N', 0, 0, 0, 0, NULL, '김진규', NULL, NULL, NULL, NULL),
	(406, 'tmp188', '1', '950806', '중', NULL, 'N', 0, 0, 0, 0, NULL, '이규성', NULL, NULL, NULL, NULL),
	(407, 'tmp189', '1', '950807', '중', NULL, 'N', 0, 0, 0, 0, NULL, '김정호', NULL, NULL, NULL, NULL),
	(408, 'tmp190', '1', '950808', '중', NULL, 'N', 0, 0, 0, 0, NULL, '이상준', NULL, NULL, NULL, NULL),
	(409, 'tmp191', '1', '950809', '중', NULL, 'N', 0, 0, 0, 0, NULL, '박경민', NULL, NULL, NULL, NULL),
	(410, 'tmp192', '1', '950810', '중', NULL, 'N', 0, 0, 0, 0, NULL, '이지승', NULL, NULL, NULL, NULL),
	(411, 'tmp193', '1', '950811', '중', NULL, 'N', 0, 0, 0, 0, NULL, '이래준', NULL, NULL, NULL, NULL),
	(412, 'tmp194', '1', '950812', '중', NULL, 'N', 0, 0, 0, 0, NULL, '권혁규', NULL, NULL, NULL, NULL),
	(413, 'tmp195', '1', '950813', '중', NULL, 'N', 0, 0, 0, 0, NULL, '박관우', NULL, NULL, NULL, NULL),
	(414, 'tmp196', '1', '950814', '중', NULL, 'N', 0, 0, 0, 0, NULL, '김문환', NULL, NULL, NULL, NULL),
	(415, 'tmp197', '1', '950815', '중', NULL, 'N', 0, 0, 0, 0, NULL, '박호영', NULL, NULL, NULL, NULL),
	(416, 'tmp198', '1', '950816', '중', NULL, 'N', 0, 0, 0, 0, NULL, '성호영', NULL, NULL, NULL, NULL),
	(417, 'tmp199', '1', '950817', '중', NULL, 'N', 0, 0, 0, 0, NULL, '황준호', NULL, NULL, NULL, NULL),
	(418, 'tmp200', '1', '950818', '중', NULL, 'N', 0, 0, 0, 0, NULL, '정호정', NULL, NULL, NULL, NULL),
	(419, 'tmp201', '1', '950819', '중', NULL, 'N', 0, 0, 0, 0, NULL, '박준강', NULL, NULL, NULL, NULL),
	(420, 'tmp202', '1', '950820', '중', NULL, 'N', 0, 0, 0, 0, NULL, '강민수', NULL, NULL, NULL, NULL),
	(421, 'tmp203', '1', '950821', '중', NULL, 'N', 0, 0, 0, 0, NULL, '도스톤벡', NULL, NULL, NULL, NULL),
	(422, 'tmp204', '1', '950822', '중', NULL, 'N', 0, 0, 0, 0, NULL, '김동우', NULL, NULL, NULL, NULL),
	(423, 'tmp205', '1', '950823', '중', NULL, 'N', 0, 0, 0, 0, NULL, '김병오', NULL, NULL, NULL, NULL),
	(424, 'tmp206', '1', '950824', '중', NULL, 'N', 0, 0, 0, 0, NULL, '박종우', NULL, NULL, NULL, NULL),
	(425, 'tmp207', '1', '950825', '중', NULL, 'N', 0, 0, 0, 0, NULL, '빈치씽코', NULL, NULL, NULL, NULL),
	(426, 'tmp208', '1', '950826', '중', NULL, 'N', 0, 0, 0, 0, NULL, '호물로', NULL, NULL, NULL, NULL),
	(427, 'tmp209', '1', '950827', '중', NULL, 'N', 0, 0, 0, 0, NULL, '이동준', NULL, NULL, NULL, NULL),
	(428, 'tmp210', '1', '950828', '중', NULL, 'N', 0, 0, 0, 0, NULL, '김현', NULL, NULL, NULL, NULL),
	(429, 'tmp211', '1', '950829', '중', NULL, 'N', 0, 0, 0, 0, NULL, '김정현', NULL, NULL, NULL, NULL),
	(430, 'tmp212', '1', '950830', '중', NULL, 'N', 0, 0, 0, 0, NULL, '김명준', NULL, NULL, NULL, NULL),
	(431, 'tmp213', '1', '950831', '중', NULL, 'N', 0, 0, 0, 0, NULL, '윤석영', NULL, NULL, NULL, NULL),
	(432, 'tmp214', '1', '950832', '중', NULL, 'N', 0, 0, 0, 0, NULL, '이정협', NULL, NULL, NULL, NULL),
	(433, 'tmp215', '1', '950833', '중', NULL, 'N', 0, 0, 0, 0, NULL, '이지민', NULL, NULL, NULL, NULL);
/*!40000 ALTER TABLE `user` ENABLE KEYS */;

/*!40101 SET SQL_MODE=IFNULL(@OLD_SQL_MODE, '') */;
/*!40014 SET FOREIGN_KEY_CHECKS=IF(@OLD_FOREIGN_KEY_CHECKS IS NULL, 1, @OLD_FOREIGN_KEY_CHECKS) */;
/*!40101 SET CHARACTER_SET_CLIENT=@OLD_CHARACTER_SET_CLIENT */;
